{"cameraMode":{"drawMode":0,"name":"Shaded","section":"Shading Mode"},"sceneLighting":true,"audioPlay":false,"sceneViewState":{"showFog":true,"showMaterialUpdate":false,"showSkybox":true,"showFlares":true,"showImageEffects":true,"showParticleSystems":true},"in2DMode":false,"pivot":{"x":2.351982593536377,"y":-1.7862799167633057,"z":9.55601978302002},"rotation":{"x":-0.22107580304145814,"y":-0.2576610743999481,"z":0.06068645790219307,"w":-0.9386512637138367},"size":10.017789840698243,"orthographic":false}